x0000,y0000
0,0.5310339282,
0.040517,0.4967968445,
0.080997,0.5291185669,
0.121546,0.3722983582,
0.162007,0.3950432739,
0.202572,0.3167528796,
0.243021,0.3801992236,
0.28351,0.3193865015,
0.32392,0.4529829541,
0.364275,0.3433285181,
0.404757,0.4163516687,
0.447516,0.3457227197,
0.488613,0.3076549133,
0.529039,0.2908955017,
0.569591,0.3450044592,
0.610318,0.2607285608,
0.650847,0.180283385,
0.691402,0.2145204687,
0.732063,0.2375048047,
0.772195,0.2288856787,
0.81289,0.2425326282,
0.853388,0.1316810913,
0.893881,0.1570596289,
0.934426,0.09385270508,
0.974875,0.09624690674,
1.015352,0.1496376038,
1.055657,0.1493981836,
1.096197,0.1623268726,
1.136697,0.1338358728,
1.1771,0.1829170068,
1.217879,0.1683123767,
1.258347,0.121146604,
1.298935,0.1261744275,
1.339389,0.1412578979,
1.379847,0.09911994873,
1.420516,0.1252167468,
1.463364,0.1388636963,
1.504362,0.118273562,
1.544609,0.1280897888,
1.585076,0.08930372192,
1.625434,0.09888052856,
1.665951,0.05961562134,
1.706244,0.05626373901,
1.746599,0.05267243652,
1.787049,0.04453215088,
1.827693,0.03423708374,
1.868285,0.0478840332,
1.908992,0.01388636963,
1.94945,0.01604115112,
1.989914,-0.0627280835,
2.03038,-0.004548983154,
2.071077,-0.06488286499,
2.111611,-0.04477157104,
2.152303,-0.03830722656,
2.192798,-0.02633621826,
2.233251,-0.02489969727,
2.273768,0.0373495459,
2.314934,-0.08690952026,
2.355339,-0.08259995728,
2.395776,-0.1185129822,
2.436272,-0.2286462585,
2.476683,-0.3617638708,
2.517117,-0.4266467358,
2.557323,-0.4671087439,
2.597797,-0.5791573816,
2.638359,-0.6641515405,
2.678788,-0.7912836487,
2.719233,-0.7721300354,
2.759678,-0.8530540515,
2.800141,-0.9988609326,
2.840477,-0.8226476904,
2.883733,-0.9308656055,
2.924482,-1.059194814,
2.964928,-0.9866505042,
3.00571,-1.047463226,
3.045871,-1.074996545,
3.08633,-0.8762778076,
3.12696,-0.9713276135,
3.167397,-0.8916006982,
3.207788,-0.686417616,
3.248249,-0.6703764648,
3.288671,-0.7393294727,
3.329161,-0.6612784985,
3.369723,-0.5925649109,
3.410213,-0.6452373474,
3.450698,-0.5363011719,
3.491024,-0.4709394666,
3.531468,-0.5243301636,
3.57202,-0.5212177014,
3.61271,-0.3950432739,
3.653221,-0.3811569043,
3.693821,-0.3890577698,
3.734337,-0.3246537451,
3.774532,-0.2796427539,
3.815082,-0.2592920398,
3.85544,-0.1833958472,
3.898237,-0.1800439648,
3.939089,-0.1915361328,
3.979504,-0.1838746875,
4.020097,-0.126892688,
4.060639,-0.1156399402,
4.101298,-0.108217915,
4.141831,-0.08212111694,
4.182392,-0.06919242798,
4.22296,-0.09193734375,
4.263435,-0.08762778076,
4.303977,-0.0986411084,
4.344436,-0.1115697974,
4.384789,-0.1201889233,
4.425199,-0.240856687,
4.465946,-0.1620874524,
4.506268,-0.1039083521,
4.546847,-0.111090957,
4.587324,-0.1319205115,
4.627735,-0.08140285645,
4.668309,-0.2214636536,
4.708876,-0.2468421912,
4.749404,-0.1587355701,
4.789857,-0.004309562988,
4.830604,0.1553836877,
4.871173,0.2231395947,
4.913996,0.5080495923,
4.954913,0.7522581616,
4.995262,0.9090783704,
5.035808,0.9962273108,
5.076266,1.028309613,
5.116682,1.121444058,
5.157581,1.107797108,
5.198019,1.090798276,
5.23852,1.130781444,
5.278894,1.093431898,
5.319504,1.043632504,
5.359875,0.9895235461,
5.400366,1.091516537,
5.440663,1.058237134,
5.481072,0.8822633118,
5.521626,0.9830592017,
5.561942,0.9940725293,
5.602468,0.918655177,
5.64298,0.904289967,
5.683449,0.9009380847,
5.723678,0.8236053711,
5.764042,0.8171410266,
5.804388,0.8410830432,
5.844647,0.7673416321,
5.885282,0.7999027747,
5.925713,0.7584830859,
5.966163,0.6248866333,
6.006503,0.5942408521,
6.04705,0.5774814404,
6.087668,0.5054159705,
6.130452,0.4644751221,
6.171508,0.4869806177,
6.211998,0.4596867188,
6.252508,0.4783614917,
6.293048,0.4077325427,
6.333513,0.3739742993,
6.37384,0.3703829968,
6.414254,0.2875436194,
6.454833,0.3019088293,
6.495225,0.2700659473,
6.535907,0.1668758557,
6.576328,0.1417367383,
6.617122,0.1939303345,
6.657442,0.1410184778,
6.697989,0.1118092175,
6.73847,0.1740584607,
6.77891,0.1132457385,
6.819459,0.1357512341,
6.859967,0.1113303772,
6.900535,0.08810662109,
6.940978,0.07493851196,
6.981448,0.03303998291,
7.021851,0.05123591553,
7.062354,-0.00119710083,
7.102913,0.01029506714,
7.145576,0.02418143677,
7.186486,0.03447650391,
7.22708,0.01484405029,
7.267474,0.01484405029,
7.307895,0.00119710083,
7.348344,-0.03854664673,
7.388793,-0.03399766357,
7.429254,-0.1510741248,
7.469844,-0.2183511914,
7.510287,-0.3438073584,
7.550734,-0.4065354419,
7.59113,-0.5329492896,
7.631552,-0.6598419775,
7.672027,-0.7189787585,
7.712378,-0.6081272217,
7.752941,-0.6967126831,
7.793348,-0.8461108667,
7.834012,-0.9459490759,
7.87426,-1.033098016,
7.914563,-1.057758293,
7.954969,-1.124077679,
7.996009,-1.125753621,
8.036437,-1.122162318,
8.076801,-1.151132158,
8.117233,-1.176031855,
8.157744,-1.063264957,
8.198219,-1.02352121,
8.238637,-1.005564697,
8.279081,-0.8961496814,
8.319675,-0.8441955054,
8.360203,-0.7783549597,
8.400822,-0.7065289099,
8.441439,-0.6090849023,
8.481861,-0.5674257935,
8.522061,-0.5149927771,
8.565141,-0.5130774158,
8.60591,-0.5252878442,
8.646352,-0.4199429712,
8.686902,-0.3866635681,
8.727274,-0.3897760303,
8.767784,-0.3500322827,
8.80826,-0.3586514087,
8.848776,-0.4371812231,
8.889194,-0.4015076184,
8.929578,-0.3284844678,
8.970082,-0.2499546533,
9.010504,-0.2703053674,
9.051165,-0.2518700146,
9.09151,-0.1747767212,
9.131998,-0.1757344019,
9.172292,-0.2051830823,
9.212545,-0.1623268726,
9.252971,-0.1441309399,
9.293446,-0.106781394,
9.334032,-0.09097966309,
9.374212,-0.05099649536,
9.414512,-0.03208230225,
9.454798,0.00359130249,
9.495094,-0.01628057129,
9.535588,0.05339069702,
9.578306,0.05746083984,
9.619498,0.09481038574,
9.659918,0.2319981409,
9.700387,0.3280056274,
9.740921,0.4146757275,
9.781429,0.5355829114,
9.821829,0.3912125513,
9.86232,0.4910507605,
9.902806,0.7331045483,
9.943365,0.7556100439,
9.983802,0.7893682874,
10.024324,0.9035717065,
10.064755,0.8911218579,
10.10509,1.039562361,
10.145583,1.183453881,
10.186161,1.161906066,
10.226869,1.048899747,
10.26745,1.154484041,
10.307921,1.071644663,
10.348451,1.120007537,
10.388803,1.278024846,
10.429154,0.9876081848,
10.46977,0.9737218152,
10.510337,0.8686163623,
10.550973,0.9069235889,
10.593913,0.8602366565,
10.634689,0.8303091357,
10.6751,0.7618349683,
10.715583,0.6950367419,
10.75596,0.6098031628,
10.79643,0.6390124231,
10.83783,0.4829104749,
10.878097,0.4113238452,
10.918606,0.4458003491,
10.958958,0.3921702319,
10.999322,0.421140072,
11.03959,0.3119644763,
11.079945,0.2873041992,
11.120456,0.3138798376,
11.160868,0.2214636536,
11.201296,0.2578555188,
11.241891,0.2398990063,
11.282394,0.175973822,
11.322799,0.1819593262,
11.363146,0.2099714856,
11.403783,0.1766920825,
11.4444,0.186029469,
11.484776,0.1460463013,
11.525136,0.1364694946,
11.565454,0.1063025537,
11.605661,0.1455674609,
11.646079,0.1074996545,
11.686532,0.131202251,
11.726952,0.08499415894,
11.767352,0.1091755957,
11.810032,0.108217915,
11.850909,0.09385270508,
11.891407,0.09552864624,
11.931794,0.04908113403,
11.971957,0.05817910034,
12.012386,0.05937620117,
12.053015,0.02873041992,
12.093478,0.09696516724,
12.133859,0.07996633545,
12.174256,0.09696516724,
12.21473,0.05770026001,
12.255203,0.02633621826,
12.295623,-0.04955997437,
12.336111,-0.08379705811,
12.376661,-0.1625662927,
12.417101,-0.1855506287,
12.457449,-0.2908955017,
12.497883,-0.3852270471,
12.538261,-0.4503493323,
12.578671,-0.6378153223,
12.619515,-0.6330269189,
12.659946,-0.7580042456,
12.700548,-0.7773972791,
12.740878,-0.8418013037,
12.781663,-0.9095572107,
12.824413,-0.9437942944,
12.865474,-0.9600748657,
12.906659,-1.008677159,
12.947103,-0.9639055884,
12.987797,-1.018253966,
13.028238,-0.8588001355,
13.068928,-0.9667786304,
13.109458,-0.9888052856,
13.149924,-0.9885658655,
13.190272,-0.9739612354,
13.23095,-0.873883606,
13.271433,-0.9196128577,
13.312072,-0.8765172278,
13.352581,-0.8145074048,
13.393081,-0.7544129431,
13.433558,-0.7252036829,
13.473872,-0.6325480786,
13.514276,-0.6078878015,
13.554679,-0.5499481213,
13.595048,-0.5159504578,
13.635453,-0.5035006091,
13.676538,-0.4046200806,
13.716933,-0.4328716602,
13.75715,-0.3397372156,
13.797422,-0.3440467786,
13.838039,-0.2930502832,
13.878466,-0.2621650818,
13.918968,-0.2298433594,
13.959411,-0.2310404602,
13.999811,-0.2329558215,
14.039988,-0.2008735193,
14.080373,-0.2315193005,
14.12088,-0.1936909143,
14.161172,-0.1393425366,
14.202091,-0.198958158,
14.245179,-0.1041477722,
14.286159,-0.1151610999,
14.326631,-0.1307234106,
14.36718,-0.09504980591,
14.407581,-0.09409212524,
14.44836,-0.08044517578,
14.488791,-0.1098938562,
14.529202,-0.08810662109,
14.56985,-0.1175553015,
14.610327,-0.1165976208,
14.650969,-0.09193734375,
14.691623,-0.07972691528,
14.732307,-0.1374271753,
14.772833,-0.04261678955,
14.813331,-0.02968810059,
14.854014,0.03064578125,
14.894414,0.08643067993,
14.934814,0.1367089148,
14.975242,0.2193088721,
15.015656,0.2468421912,
15.056103,0.3531447449,
15.096573,0.4611232397,
15.137047,0.6607996582,
15.177593,0.4651933826,
15.218164,0.7702146741,
15.261142,0.72113354,
15.302277,0.7898471277,
15.342754,0.7213729602,
15.383271,0.6090849023,
15.423697,0.5202600208,
15.464103,0.4805162732,
15.504492,0.3957615344,
15.544775,0.3222595435,
15.585284,0.3466804004,
15.625987,0.2389413257,
15.666583,0.2820369556,
15.706969,0.2564189978,
15.747394,0.2449268298,
15.787969,0.1735796204,
15.828453,0.1948880151,
15.869048,0.1920149731,
15.909639,0.1855506287,
15.950181,0.2906560815,
15.990686,0.2873041992,
16.031271,0.227927998,
16.071675,0.2384624854,
16.112408,0.1719036792,
16.153222,0.1453280408,
16.194004,0.1771709229,
16.234549,0.17310078,
16.277508,0.1462857214,
16.318703,0.1460463013,
16.359334,0.1180341418,
16.399902,0.1027112512,
16.440257,0.07086836914,
16.480811,0.0964863269,
16.522026,0.05602431885,
16.562496,-0.004548983154,
16.603179,-0.03136404175,
16.643689,0.0253785376,
16.684136,0.09050082275,
16.724546,0.1086967554,
16.764956,0.08092401611,
16.805203,0.05578489868,
16.845724,0.06991068848,
16.886332,0.03064578125,
16.926755,0.06248866333,
16.967235,0.01675941162,
17.0077,-0.003351882324,
17.048214,-0.004309562988,
17.088676,0.004309562988,
17.129226,-0.00598550415,
17.169763,0.03950432739,
17.210259,0.02801215942,
17.250715,0.01628057129,
17.291257,-0.006703764648,
17.331641,-0.0493205542,
17.37229,-0.0739808313,
17.412678,-0.07613561279,
17.453376,-0.1079784949,
17.496029,-0.2018312,
17.536936,-0.2415749475,
17.577277,-0.3251325854,
17.617739,-0.3608061902,
17.658154,-0.3888183496,
17.698677,-0.4532223743,
17.739054,-0.3517082239,
17.779563,-0.3586514087,
17.820156,-0.3909731311,
17.860772,-0.5082890125,
17.901282,-0.5841852051,
17.941825,-0.6212953308,
17.982394,-0.6579266162,
18.023013,-0.7201758594,
18.063874,-0.7893682874,
18.104494,-0.7872135059,
18.144795,-0.7508216406,
18.18538,-0.7733271362,
18.225931,-0.803254657,
18.266657,-0.6950367419,
18.307092,-0.7776366992,
18.347588,-0.7079654309,
18.388208,-0.729752666,
18.428765,-0.7158662964,
18.469451,-0.5650315918,
18.512522,-0.6375759021,
18.553604,-0.6220135913,
18.594153,-0.5755660791,
18.634969,-0.5171475586,
18.675553,-0.5027823486,
18.716038,-0.4146757275,
18.756524,-0.431195719,
18.797048,-0.3890577698,
18.83766,-0.4058171814,
18.87813,-0.3232172241,
18.918752,-0.2935291235,
18.959378,-0.2214636536,
19.000058,-0.240856687,
19.040648,-0.3155557788,
19.081305,-0.2578555188,
19.121711,-0.2312798804,
19.162375,-0.2161964099,
19.203001,-0.1458068811,
19.243725,-0.1549048474,
19.284275,-0.1534683264,
19.324791,-0.09696516724,
19.365897,-0.1089361755,
19.406226,-0.1288080493,
19.446662,-0.09313444458,
19.487226,-0.03639186523,
19.527747,-0.06823474731,
19.568383,-0.04333505005,
19.608925,-0.04141968872,
19.649337,-0.08140285645,
19.689757,-0.06871358765,
19.730211,-0.06655880615,
19.770775,-0.06967126831,
19.811213,-0.03687070557,
19.852564,-0.04716577271,
19.892927,-0.03830722656,
19.935953,-0.09481038574,
19.976849,-0.06536170532,
20.017208,0.00239420166,
20.057613,0.06009446167,
20.098104,0.04572925171,
20.138666,0.05722141968,
20.179119,0.06991068848,
20.219758,0.1086967554,
20.260257,0.1800439648,
20.300867,0.1635239734,
20.34151,0.05817910034,
20.382047,0.02106897461,
20.422443,0.1194706628,
20.463223,0.2238578552,
20.503932,0.2846705774,
20.544344,0.2741360901,
20.584859,0.2937685437,
20.6253,0.3536235852,
20.665847,0.2849099976,
20.706193,0.3675099548,
20.746688,0.5207388611,
20.787212,0.4687846851,
20.827638,0.4213794922,
20.868242,0.5659892725,
20.908818,0.5420472559,
20.951784,0.6730100867,
20.99275,0.6217741711,
21.033623,0.686417616,
21.073931,0.6509834314,
21.114536,0.4742913489,
21.154966,0.4331110803,
21.195609,0.4458003491,
21.236303,0.2734178296,
21.277004,0.4333505005,
21.317535,0.3387795349,
21.358123,0.3272873669,
21.398679,0.2631227625,
21.439265,0.2571372583,
21.479968,0.2791639136,
21.520674,0.1654393347,
21.56117,0.132638772,
21.601806,0.2700659473,
21.642769,0.2219424939,
21.683401,0.1137245789,
21.723862,0.1632845532,
21.764392,0.1194706628,
21.804841,0.07876923462,
21.845378,0.08906430176,
21.886036,0.07661445312,
21.92663,0.04165910889,
21.969768,0.1058237134,
22.010813,0.01771709229,
22.05152,0.007900865479,
22.092146,-0.003112462158,
22.13269,0.02082955444,
22.173134,0.05243301636,
22.214392,0.01580173096,
22.254959,-0.04453215088,
22.295334,-0.009576806641,
22.335868,-0.006464344482,
22.376364,-0.02873041992,
22.416879,-0.02633621826,
22.457298,-0.09050082275,
22.498019,-0.04261678955,
22.538498,-0.08307879761,
22.579009,-0.062009823,
22.619663,-0.01364694946,
22.660244,-0.02059013428,
22.70095,-0.004548983154,
22.741462,0.03711012573,
22.782068,0.005027823486,
22.822513,-0.05817910034,
22.863185,-0.03256114258,
22.903888,-0.04333505005,
22.944397,-0.008379705811,
22.98499,-0.0239420166,
23.025505,0.02250549561,
23.066051,-0.03447650391,
23.106558,-0.05339069702,
23.147132,0.00239420166,
23.190069,-0.03687070557,
23.231132,-0.06823474731,
23.27154,-0.009576806641,
23.312032,-0.04740519287,
23.352509,-0.03854664673,
23.393138,-0.0493205542,
23.433736,0.006224924316,
23.474216,-0.02825157959,
23.514599,-0.01963245361,
23.555133,0.004309562988,
23.595625,-0.03926490723,
23.636312,-0.03040636108,
23.676978,0.01628057129,
23.717465,-0.01484405029,
23.757948,0.01651999146,
23.798473,-0.03926490723,
23.838972,-0.000239420166,
23.879553,-0.02920926025,
23.92009,-0.02298433594,
23.961285,-0.0627280835,
24.00197,-0.009576806641,
24.042923,-0.06584054565,
24.083721,-0.1022324109,
24.12415,-0.351947644,
24.164764,-0.987847605,
24.207953,-0.7445967163,
24.249124,-1.388397543,
24.289663,-1.765723724,
24.330322,-1.926135236,
24.371016,-2.084870806,
24.411794,-2.074815159,
24.452649,-2.052309663,
24.493436,-2.041056915,
24.533945,-1.87418106,
24.574489,-1.916079589,
24.615089,-1.698925498,
24.655872,-1.613213079,
24.696534,-1.610100616,
24.737129,-1.574905852,
24.777803,-1.497812559,
24.818469,-1.45687171,
24.859319,-1.610818877,
24.900079,-1.624465826,
24.940671,-1.694137095,
24.981331,-1.786074438,
25.021833,-1.880166564,
25.063199,-1.820311522,
25.103984,-1.77362459,
25.144443,-1.739626926,
25.185033,-1.540429348,
25.22556,-1.473870542,
25.266641,-1.435323895,
25.307049,-1.35607582,
25.347764,-1.344823073,
25.388311,-1.325908879,
25.428976,-1.203565175,
25.469796,-1.218409225,
25.510345,-1.175792435,
25.552044,-1.097502041,
25.593865,-1.001255134,
25.643044,-1.073799445,
25.683646,-0.9232041602,
25.724143,-0.7800309009,
25.764985,-0.6411672046,
25.80543,-0.6081272217,
25.846334,-0.4704606262,
25.88702,-0.5212177014,
25.927646,-0.5367800122,
25.968469,-0.25953146,
26.009209,-0.1611297717,
26.049921,-0.1098938562,
26.090693,-0.1074996545,
26.131427,-0.04740519287,
26.171986,-0.06392518433,
26.212638,-0.04836287354,
26.253469,-0.08499415894,
26.293903,-0.008619125977,
26.334583,-0.02274491577,
26.375479,0.001915361328,
26.41628,-0.04692635254,
26.457093,-0.01221042847,
26.497776,-0.0119710083,
26.538325,-0.1230619653,
26.578951,-0.1292868896,
26.619753,-0.04740519287,
26.663674,0.2698265271,
26.705466,0.3368641736,
26.746216,0.5260061047,
26.787015,0.6404489441,
26.827569,0.5949591125,
26.868336,0.5966350537,
26.909015,0.7534552625,
26.951129,0.8504204297,
26.997669,0.8482656482,
27.038237,0.8173804468,
27.079102,0.6983886243,
27.119911,0.5669469531,
27.160597,0.5130774158,
27.201343,0.497515105,
27.242362,0.4764461304,
27.284705,0.4876988782,
27.334027,0.5930437512,
27.3763,0.5662286926,
27.420425,0.5923254907,
27.463158,0.5767631799,
27.506168,0.474530769,
27.547838,0.3579331482,
27.590743,0.237983645,
27.633673,0.1922543933,
27.676593,0.2612074011,
27.721893,0.3016694092,
27.764861,0.2738966699,
27.806538,0.2559401575,
27.849221,0.237983645,
27.89421,0.2504334937,
27.939521,0.2171540906,
27.987977,0.2346317627,
28.034552,0.1900996118,
28.080505,0.2406172668,
28.12358,0.1987187378,
28.164263,0.1596932507,
28.205418,0.08547299927,
28.250295,0.07134720947,
28.297013,0.1151610999,
28.343433,0.0612915625,
28.387464,0.06368576416,
28.433667,0.01771709229,
28.476686,0.05841852051,
28.51704,0,
28.557266,-0.02059013428,
28.597659,-0.004070142822,
28.640653,0.006943184814,
28.681475,0.009337386475,
28.721564,-0.01771709229,
28.762298,-0.01412578979,
28.803399,-0.03160346191,
28.846715,-0.1120486377,
28.890288,-0.2403778467,
28.931265,-0.4539406348,
28.974981,-0.666306322,
29.021198,-0.6124367847,
29.064855,-0.6943184814,
29.108459,-0.7089231116,
29.151983,-0.982101521,
29.195447,-1.208114158,
29.239023,-1.205719956,
29.28229,-1.160230125,
29.322695,-1.495418357,
29.363381,-1.54306297,
29.408849,-1.433408534,
29.450668,-1.325908879,
29.495227,-1.380257257,
29.539869,-1.422155786,
29.58719,-1.429577811,
29.630978,-1.303642804,
29.673919,-1.386003341,
29.716536,-1.253843409,
29.757038,-1.472194601,
29.800178,-1.28329209,
29.8438,-1.125993041,
29.888356,-1.238759939,
29.931151,-0.9694122522,
29.973633,-0.8224082703,
30.013939,-0.8925583789,
30.054337,-0.92296474,
30.094607,-0.904289967,
30.137367,-0.7606378674,
30.17818,-0.6624755994,
30.2186,-0.539413634,
30.259888,-0.5743689783,
30.303568,-0.4881777185,
30.348464,-0.5197811804,
30.391841,-0.4419696265,
30.434904,-0.3864241479,
30.478143,-0.424013114,
30.521817,-0.3301604089,
30.566822,-0.2990357874,
30.609643,-0.3493140222,
30.65221,-0.3052607117,
30.696948,-0.2822763757,
30.739469,-0.2827552161,
30.783832,-0.1869871497,
30.824216,-0.2461239307,
30.869478,-0.2492363928,
30.913076,-0.2240972754,
30.953722,-0.1881842505,
30.996088,-0.1118092175,
31.037249,-0.0739808313,
31.077418,-0.06105214233,
31.117824,-0.005746083984,
31.158307,0.01963245361,
31.199158,0.03974374756,
31.241789,0.1165976208,
31.281993,0.1086967554,
31.322745,-0.02178723511,
31.36388,0.09983820923,
31.406231,0.2018312,
31.446765,0.2655169641,
31.487385,0.3833116858,
31.529784,0.5719747766,
31.570112,0.6962338428,
31.610448,0.8224082703,
31.650966,0.86526448,
31.691506,0.8690952026,
31.732068,0.7184999182,
31.772276,0.6526593726,
31.812766,0.6253654736,
31.853144,0.6751648682,
31.893443,0.7230489014,
31.933803,0.6912060193,
31.976608,0.6368576416,
32.017756,0.6675034229,
32.058208,0.6284779358,
32.098583,0.5607220288,
32.13877,0.5310339282,
32.179171,0.4824316345,
32.219686,0.4467580298,
32.260013,0.3174711401,
32.300528,0.4328716602,
32.344219,0.4601655591,
32.38507,0.429759198,
32.43085,0.3471592407,
32.477078,0.3423708374,
32.521024,0.2497152332,
32.564836,0.2257732166,
32.608685,0.250912334,
32.652961,0.2712630481,
32.695854,0.2564189978,
32.736726,0.2389413257,
32.777906,0.2743755103,
32.822305,0.1434126794,
32.86628,0.1908178723,
32.910391,0.11540052,
32.954511,0.1357512341,
32.997582,0.1489193433,
33.038682,0.08954314209,
33.080437,0.1194706628,
33.123541,0.0859518396,
33.164223,0.05770026001,
33.204906,0.04740519287,
33.245663,0.05698199951,
33.286493,0.03974374756,
33.328752,0.07374141113,
33.372539,0.08307879761,
33.416524,0.03543418457,
33.460616,0.01723825195,
33.506453,0.01580173096,
33.551143,0.009816226807,
33.597175,0.000239420166,
33.641088,-0.06751648682,
33.68501,-0.02154781494,
33.727909,-0.05458779785,
33.768805,-0.08475473877,
33.809738,-0.08714894043,
33.850817,-0.2147598889,
33.891658,-0.3394977954,
33.932531,-0.4115632654,
33.973818,-0.4661510632,
34.014619,-0.5928043311,
34.055332,-0.5930437512,
34.096337,-0.6495469104,
34.137114,-0.751300481,
34.178064,-0.8671798413,
34.219044,-0.7520187415,
34.260117,-0.9569624036,
34.301043,-0.973482395,
34.341981,-1.103966385,
34.382756,-1.155441721,
34.423425,-1.210268939,
34.462743,-1.059673655,
34.505284,-0.992157168,
34.545685,-1.012986722,
34.586241,-0.9524134204,
34.626511,-0.935893429,
34.666756,-0.6825868933,
34.707129,-0.7249642627,
34.747424,-0.6957550024,
34.787664,-0.7290344055,
34.828049,-0.6169857678,
34.868565,-0.5159504578,
34.908932,-0.4613626599,
34.952171,-0.4359841223,
34.993121,-0.5427655164,
35.033644,-0.3761290808,
35.073867,-0.3924096521,
35.114204,-0.4362235425,
35.154329,-0.3572148877,
35.194543,-0.2626439221,
35.234984,-0.297120426,
35.275382,-0.312922157,
35.315846,-0.2760514514,
35.356088,-0.1838746875,
35.39637,-0.260967981,
35.436741,-0.2284068384,
35.477002,-0.3435679382,
35.517612,-0.2102109058,
35.558031,-0.1980004773,
35.598406,-0.1616086121,
35.638712,-0.1448492004,
35.679244,-0.1546654272,
35.719682,-0.1470039819,
35.760052,-0.1204283435,
35.800598,-0.1280897888,
35.841044,-0.05363011719,
35.881319,-0.09169792358,
35.921588,-0.07086836914,
35.962761,-0.09911994873,
36.005794,-0.05171475586,
36.046204,0.01149216797,
36.08671,0.01843535278,
36.127003,0.1010353101,
36.167346,0.1149216797,
36.207709,0.1620874524,
36.248107,0.2442085693,
36.288425,0.3588908289,
36.328755,0.4405331055,
36.369424,0.6181828687,
36.409727,0.6964732629,
36.450148,0.731189187,
36.490447,0.612915625,
36.530827,0.7053318091,
36.571098,0.6933608008,
36.611378,0.5990292554,
36.65183,0.5822698438,
36.692267,0.5559336255,
36.732603,0.5949591125,
36.772915,0.6227318518,
36.813912,0.6959944226,
36.85406,0.5200206006,
36.89431,0.480276853,
36.934538,0.4223371729,
36.974962,0.3936067529,
37.015286,0.4235342737,
37.055487,0.4472368701,
37.095803,0.4175487695,
37.136276,0.3217807031,
37.176611,0.3064578125,
37.216949,0.2844311572,
37.257489,0.3335122913,
37.29958,0.2777273926,
37.343911,0.3236960645,
37.392809,0.3497928625,
37.439913,0.1790862842,
37.4895,0.2367865442,
37.536304,0.2037465613,
37.583614,0.2513911743,
37.631003,0.18746599,
37.68024,0.1934514941,
37.729975,0.1400607971,
37.78016,0.1630451331,
37.827643,0.1814804858,
37.874172,0.2217030737,
37.919755,0.09504980591,
37.967065,0.1328781921,
38.009054,0.1247379065,
38.050982,0.08714894043,
38.096165,0.00598550415,
38.142857,0.05386953735,
38.18874,0.01412578979,
38.235347,0.007422025146,
38.282682,0.07757213379,
38.329908,-0.04357447021,
38.378143,-0.009816226807,
38.426663,0.008619125977,
38.471264,-0.009097966309,
38.513145,-0.02896984009,
38.554805,-0.05315127686,
38.596626,-0.02777273926,
38.638129,-0.05267243652,
38.680029,-0.07110778931,
38.721815,-0.03375824341,
38.763539,-0.0239420166,
38.805073,-0.1201889233,
38.846844,-0.5746083984,
38.888515,-0.5588066675,
38.932961,-0.6411672046,
38.974955,-0.6373364819,
39.016842,-0.72113354,
39.058693,-0.8456320264,
39.100643,-0.9698910925,
39.142729,-1.051293949,
39.184705,-1.127668982,
39.226422,-1.147062015,
39.268148,-1.155441721,
39.309954,-1.064940898,
39.351989,-1.089601176,
39.393876,-1.057758293,
39.43562,-0.9667786304,
39.477278,-0.8391676819,
39.519153,-0.7639897498,
39.560904,-0.8056488586,
39.602821,-0.7532158423,
39.644493,-0.7532158423,
39.686408,-0.6804321118,
39.728002,-0.6481103894,
39.770113,-0.6794744312,
39.81179,-0.6382941626,
39.85469,-0.6268019946,
39.896293,-0.5439626172,
39.937977,-0.5209782813,
39.979743,-0.5051765503,
40.021394,-0.5269637854,
40.063146,-0.4012681982,
40.104799,-0.3955221143,
40.146412,-0.3711012573,
40.187816,-0.3689464758,
40.23739,-0.2564189978,
40.286825,-0.3011905688,
40.336229,-0.2686294263,
40.385773,-0.1929726538,
40.430744,-0.1948880151,
40.479764,-0.1589749902,
40.528845,-0.1900996118,
40.570976,-0.1714248389,
40.612633,-0.1776497632,
40.65401,-0.1544260071,
40.695419,-0.1855506287,
40.736918,-0.1079784949,
40.778533,-0.01316810913,
40.820124,-0.1029506714,
40.861942,-0.07685387329,
40.903554,-0.09217676392,
40.945059,-0.05147533569,
40.986735,-0.04836287354,
41.028122,-0.009576806641,
41.070008,0.0493205542,
41.111966,0.08188169678,
41.153822,0.1094150159,
41.195448,0.1422155786,
41.236965,0.2157175696,
41.278551,0.04189852905,
41.320149,0.1613691919,
41.368834,0.4333505005,
41.417633,0.4431667273,
41.460381,0.4972756848,
41.504613,0.684981095,
41.546737,0.6586448767,
41.588169,0.6210559106,
41.636843,0.814746825,
41.678711,0.7754819177,
41.727393,0.7656656909,
41.776536,0.8195352283,
41.824946,0.6107608435,
41.873444,0.7249642627,
41.915516,0.6703764648,
41.957295,0.6253654736,
42.000674,0.4915296008,
42.042556,0.5518634827,
42.084153,0.6030993982,
42.125883,0.5298368274,
42.167503,0.4924872815,
42.209309,0.3995922571,
42.251006,0.364876333,
42.293057,0.3892971899,
42.334597,0.3256114258,
42.376222,0.3586514087,
42.417926,0.3414131567,
42.459571,0.3737348792,
42.501325,0.3433285181,
42.542915,0.2430114685,
42.586826,0.2389413257,
42.628817,0.3002328882,
42.670501,0.2178723511,
42.712322,0.2133233679,
42.753932,0.1707065784,
42.795399,0.2044648218,
42.836876,0.194648595,
42.879058,0.1106121167,
42.927028,0.1963245361,
42.97551,0.1453280408,
43.029896,0.07302315063,
43.073648,0.139821377,
43.116416,0.09457096558,
43.159061,0.06153098267,
43.20274,-0.0239420166,
43.245555,0.03088520142,
43.28831,0.02729389893,
43.331068,0.02418143677,
43.373911,0.007422025146,
43.416788,-0.003112462158,
43.459544,0.009337386475,
43.502573,-0.000718260498,
43.545165,-0.01723825195,
43.587824,-0.01244984863,
43.630723,-0.05027823486,
43.673388,0.009576806641,
43.715942,0.01580173096,
43.758609,-0.002154781494,
43.801354,-0.02753331909,
43.843931,-0.05410895752,
43.886735,-0.01915361328,
43.9318,-0.09576806641,
43.975137,-0.235110603,
44.017909,-0.3119644763,
44.060601,-0.4690241052,
44.103375,-0.628717356,
44.14591,-0.6564900952,
44.188691,-0.8078036401,
44.231468,-0.9919177478,
44.274281,-1.032140336,
44.316947,-0.9844957227,
44.359676,-1.21146604,
44.402782,-1.219366906,
44.445317,-1.146822595,
44.48811,-1.047702646,
44.530985,-0.8748412866,
44.573606,-1.103487545,
44.616418,-1.069011041,
44.658942,-1.19638257,
44.701794,-0.9665392102,
44.744559,-1.015380924,
44.787247,-0.9528922607,
44.829811,-0.9217676392,
44.872608,-0.5992686755,
44.915193,-0.8238447913,
44.957847,-0.9047688074,
45.003184,-0.7481880188,
45.046439,-0.7036558679,
45.089006,-0.6382941626,
45.131876,-0.7151480359,
45.174688,-0.5401318945,
45.217386,-0.5554547852,
45.260125,-0.5149927771,
45.303188,-0.4232948535,
45.345852,-0.3926490723,
45.38857,-0.3119644763,
45.431388,-0.3598485095,
45.474102,-0.3847482068,
45.516948,-0.2458845105,
45.559711,-0.2810792749,
45.602772,-0.2475604517,
45.645384,-0.3275267871,
45.688049,-0.2032677209,
45.730968,-0.2636016028,
45.773839,-0.2547430566,
45.816608,-0.2166752502,
45.859172,-0.2410961072,
45.902837,-0.2679111658,
45.945445,-0.1568202087,
45.988052,-0.05841852051,
46.030859,-0.1206677637,
46.073816,-0.2327164014,
46.116492,-0.168791217,
46.159093,-0.2319981409,
46.201965,-0.1651999146,
46.244651,0.2904166614,
46.287254,0.3890577698,
46.330103,0.2791639136,
46.372833,0.3435679382,
46.41555,0.3981557361,
46.458439,0.3524264844,
46.503964,0.4350264417,
46.547248,0.5044582898,
46.589854,0.5925649109,
46.63291,0.7053318091,
46.675516,0.6924031201,
46.718237,0.806127699,
46.760849,0.684981095,
46.80359,0.7287949854,
46.846454,0.8099584216,
46.88906,0.6342240198,
46.931776,0.6636727002,
46.974452,0.7058106494,
47.017118,0.6557718347,
47.059789,0.5949591125,
47.102774,0.6572083557,
47.145501,0.5626373901,
47.188435,0.5377376929,
47.231111,0.4635174414,
47.27385,0.494642063,
47.316641,0.4149151477,
47.359358,0.3943250134,
47.402459,0.5181052393,
47.445153,0.4163516687,
47.487898,0.3895366101,
47.530814,0.3383006946,
47.576102,0.3629609717,
47.619434,0.3394977954,
47.662331,0.3198653418,
47.70507,0.2808398547,
47.747872,0.2655169641,
47.790716,0.3756502405,
47.833649,0.2013523596,
47.876651,0.1747767212,
47.919433,0.1187524023,
47.962454,0.1589749902,
48.005199,0.1996764185,
48.047911,0.1733402002,
48.09074,0.1850717883,
48.133857,0.06320692383,
48.176675,0.06033388184,
48.219635,0.1561019482,
48.262522,0.1149216797,
48.305175,0.05171475586,
48.347783,0.06727706665,
48.39066,0.007422025146,
48.434903,0.04477157104,
48.478479,0.0119710083,
48.521712,-0.009337386475,
48.565555,-0.03351882324,
48.6088,0.01604115112,
48.6545,-0.04620809204,
48.697824,-0.08259995728,
48.740903,0.04381389038,
48.785232,-0.03687070557,
48.828408,-0.003351882324,
48.871036,-0.05650315918,
48.914489,-0.08978256226,
48.957385,-0.1841141077,
49.000509,-0.2966415857,
49.043265,-0.419703551,
49.08668,-0.5140350964,
49.132285,-0.5152321973,
49.174401,-0.6483498096,
49.216152,-0.8951920007,
49.258148,-0.9119514124,
49.30032,-0.9133879333,
49.342409,-1.064222638,
49.384563,-1.037407579,
49.426619,-1.209790099,
49.46857,-1.115219133,
49.510497,-1.128866083,
49.552651,-1.079306108,
49.5945,-0.9844957227,
49.636479,-0.9962273108,
49.678229,-1.116895074,
49.720213,-1.179144318,
49.762228,-0.9713276135,
49.804,-0.8257601526,
49.845833,-0.907163009,
49.887696,-0.8461108667,
49.931969,-0.921528219,
49.974306,-0.934456908,
50.016145,-0.8949525806,
50.057945,-0.79319901,
50.099929,-0.8303091357,
50.142024,-0.7309497668,
50.184096,-0.6430825659,
50.225992,-0.5446808777,
50.267957,-0.7359775903,
50.309886,-0.6234501123,
50.351949,-0.60573302,
50.393727,-0.4903325,
50.435754,-0.4776432312,
50.477761,-0.3610456104,
50.519792,-0.2789244934,
50.561558,-0.3342305518,
50.603693,-0.1364694946,
50.645514,-0.3770867615,
50.687339,-0.2530671155,
50.729311,-0.2755726111,
50.771198,-0.2070984436,
50.813186,-0.1936909143,
50.855079,-0.1699883179,
50.896931,-0.1412578979,
50.938661,-0.1984793176,
50.983428,-0.1472434021,
51.025948,-0.1158793604,
51.0679,-0.0964863269,
51.109964,-0.04405331055,
51.152246,-0.02082955444,
51.194133,-0.05339069702,
51.236153,-0.05865794067,
51.278002,-0.05578489868,
51.320055,-0.02489969727,
51.362263,-0.01436520996,
51.404289,-0.003112462158,
51.446237,0.05578489868,
51.488015,-0.1352723938,
51.530147,0.2047042419,
51.572104,0.3117250562,
51.614049,0.4893748193,
51.655892,0.5492298608,
51.697981,0.5418078357,
51.740084,0.4065354419,
51.781936,0.4027047192,
51.823672,0.5185840796,
51.866314,0.5073313318,
51.908204,0.5140350964,
51.950222,0.4819527942,
51.992322,0.4288015173,
52.034486,0.429759198,
52.076381,0.4417302063,
52.118219,0.5374982727,
52.160059,0.5966350537,
52.202305,0.4912901807,
52.244189,0.4967968445,
52.28627,0.4249707947,
52.328167,0.422576593,
52.370205,0.4120421057,
52.412044,0.4261678955,
52.456616,0.4776432312,
52.498803,0.3313575098,
52.540689,0.3560177869,
52.582699,0.3768473413,
52.624424,0.2489969727,
52.666092,0.3083731738,
52.708014,0.3811569043,
52.749936,0.1491587634,
52.791946,0.1793257043,
52.83382,0.1060631335,
52.875796,0.2111685864,
52.917792,0.09528922607,
52.959683,0.1410184778,
53.00168,0.08092401611,
53.043683,0.1857900488,
53.085676,0.1611297717,
53.12765,0.118273562,
53.16968,0.1484405029,
53.211789,0.12976573,
53.253843,0.135511814,
53.295546,0.04261678955,
53.337367,0.0986411084,
53.379313,0.05171475586,
53.42171,0.0112527478,
53.463628,0.04548983154,
53.507694,-0.05482721802,
53.550267,-0.05363011719,
53.592204,0.04141968872,
53.634081,-0.01891419312,
53.676116,-0.0009576806641,
53.718097,-0.03687070557,
53.760141,-0.04596867187,
53.802271,-0.08786720093,
53.844404,-0.1414973181,
53.886585,-0.2011129395,
53.928308,-0.3378218542,
53.970297,-0.3924096521,
54.012283,-0.4891353992,
54.054192,-0.5312733484,
54.096193,-0.684981095,
54.13824,-0.7673416321,
54.180394,-0.8532934717,
54.222203,-0.8106766821,
54.264171,-0.9138667737,
54.305989,-0.9914389075,
54.348036,-1.13868231,
54.390307,-0.9500192188,
54.432415,-1.090319436,
54.474315,-0.90859953,
54.516109,-0.9109937317,
54.560397,-0.8865728748,
54.603025,-0.862391438,
54.644886,-0.7979874133,
54.686908,-0.7852981445,
54.728756,-0.7108384729,
54.775212,-0.8025363965,
54.819137,-0.7295132458,
54.883542,-0.683544574,
54.92428,-0.5228936426,
54.96473,-0.602859978,
55.016314,-0.4043806604,
55.066605,-0.3670311145,
55.107203,-0.4601655591,
55.147685,-0.3696647363,
55.188142,-0.3236960645,
55.228727,-0.3739742993,
55.269273,-0.3471592407,
55.309746,-0.3282450476,
55.350455,-0.2094926453,
55.391036,-0.31723172,
55.43338,-0.2585737793,
55.475598,-0.2432508887,
55.517974,-0.1810016455,
55.568233,-0.2403778467,
55.612339,-0.1814804858,
55.654779,-0.09816226807,
55.695155,-0.06584054565,
55.735812,-0.05434837769,
55.778996,-0.08762778076,
55.821512,-0.0627280835,
55.8651,-0.07422025146,
55.909308,0.002873041992,
55.952245,0.04309562988,
55.994831,-0.02849099976,
56.035212,-0.05626373901,
56.075643,-0.0105344873,
56.124359,0.06512228516,
56.17141,-0.07781155396,
56.214156,-0.1158793604,
56.255053,-0.06344634399,
56.296591,0.03016694092,
56.339571,0.09026140259,
56.382377,0.1467645618,
56.424725,0.2844311572,
56.465089,0.3713406775,
56.505651,0.3675099548,
56.546673,0.553778844,
56.587087,0.5612008691,
56.630814,0.6452373474,
56.671438,0.558088407,
56.71206,0.5968744739,
56.902012,0.5525817432,
56.982531,0.506134231,
57.023612,0.5054159705,
57.065835,0.5109226343,
57.10841,0.4548983154,
57.152497,0.3861847278,
57.200086,0.4216189124,
57.247688,0.2896984009,
57.295456,0.3866635681,
57.342058,0.2138022083,
57.389356,0.3711012573,
57.437051,0.2176329309,
57.486984,0.1733402002,
57.534991,0.1666364355,
57.582887,0.1671152759,
57.630459,0.1328781921,
57.678086,0.2803610144,
57.725362,0.1307234106,
57.773283,0.1948880151,
57.827694,0.1491587634,
57.878565,0.08619125977,
57.925912,0.1063025537,
57.974759,0.1048660327,
58.021051,0.08331821777,
58.064067,0.01532289063,
58.110551,0.1017535706,
58.154316,0.0486022937,
58.198969,0.03878606689,
58.246657,0.05746083984,
58.296938,0.001915361328,
58.347593,0.0380678064,
58.40133,-0.05626373901,
58.450037,-0.02442085693,
58.495241,0.01628057129,
58.539932,0.04453215088,
58.584706,-0.05267243652,
58.630857,-0.01556231079,
58.679163,0.01628057129,
58.72349,-0.07661445312,
58.766533,-0.1877054102,
58.809401,-0.2549824768,
58.852141,-0.3253720056,
58.894607,-0.4936843823,
58.937174,-0.6538564734,
58.980531,-0.6624755994,
59.024698,-0.7438784558,
59.075395,-0.6940790613,
59.118892,-0.7671022119,
59.166306,-0.7249642627,
59.208602,-0.8535328918,
59.251308,-0.7467514978,
59.293871,-0.8164227661,
59.336413,-0.8200140686,
59.37879,-0.686417616,
59.421295,-0.8530540515,
59.467929,-0.7161057166,
59.516021,-0.731189187,
59.558209,-0.6780379102,
59.60221,-0.6550535742,
59.647166,-0.5882553479,
59.697042,-0.5588066675,
59.740858,-0.565271012,
59.78459,-0.5774814404,
59.827524,-0.549469281,
59.870399,-0.4714183069,
59.912986,-0.4824316345,
59.955937,-0.481713374,
59.998526,-0.4118026855,
60.041197,-0.4232948535,
60.084824,-0.4163516687,
60.129229,-0.3892971899,
60.180524,-0.4034229797,
60.228822,-0.3715800977,
60.272977,-0.3938461731,
60.320149,-0.3394977954,
60.363324,-0.3703829968,
60.407361,-0.3339911316,
60.4555,-0.3541024255,
60.499385,-0.2944868042,
60.550803,-0.3191470813,
60.59752,-0.2171540906,
60.641638,-0.2521094348,
60.684747,-0.2528276953,
60.727342,-0.2140416284,
60.770703,-0.1510741248,
60.81481,-0.138384856,
60.857506,-0.1319205115,
60.900731,-0.09433154541,
60.943467,-0.1362300745,
60.991007,-0.1204283435,
61.033751,-0.0859518396,
61.076417,-0.1278503687,
61.183245,-0.05434837769,
61.368416,0.3351882324,
61.412863,0.4695029456,
61.461419,0.5319916089,
61.50718,0.6469132886,
61.551019,0.5439626172,
61.597115,0.5432443567,
61.640282,0.6279990955,
61.685785,0.5401318945,
61.728127,0.6746860278,
61.77233,0.6627150195,
61.820667,0.7266402039,
61.86422,0.6715735657,
61.908136,0.569580575,
61.952399,0.6811503723,
61.996549,0.5528211633,
62.039733,0.5401318945,
62.082488,0.5327098694,
62.125205,0.4537012146,
62.168384,0.5224148022,
62.213573,0.4608838196,
62.256621,0.3356670728,
62.303288,0.4570530969,
62.348041,0.4776432312,
62.39046,0.4649539624,
62.432971,0.5030217688,
62.492495,0.4776432312,
62.533981,0.3667916943,
62.576688,0.3584119885,
62.619031,0.2557007373,
62.976932,0.1778891833,
63.065827,0.1558625281,
63.114529,0.09576806641,
63.156953,0.03471592407,
63.199147,0.1000776294,
63.241414,-0.007661445313,
63.283292,-0.01005564697,
63.326493,-0.05363011719,
63.369798,-0.07158662964,
63.41492,-0.01316810913,
63.457633,0.02202665527,
63.505207,-0.1455674609,
63.546871,-0.1857900488,
63.588825,-0.09504980591,
63.632367,-0.1762132422,
63.67642,-0.2638410229,
63.721219,-0.4647145422,
63.764352,-0.4374206433,
63.812381,-0.6136338855,
63.856294,-0.4651933826,
63.89845,-0.7405265735,
63.940603,-0.8779537488,
63.983944,-1.033098016,
64.029987,-0.8853757739,
64.072441,-0.9933542688,
64.117246,-0.9715670337,
64.159145,-1.014902084,
64.201996,-1.008677159,
64.244757,-0.9196128577,
64.287453,-0.7807491614,
64.330308,-0.8772354883,
64.37282,-0.7096413721,
64.4154,-0.6150704065,
64.457305,-0.8190563879,
64.499308,-0.8161833459,
64.54137,-0.6588842969,
64.583484,-0.6179434485,
64.625325,-0.599986936,
64.667309,-0.535104071,
64.709532,-0.441251366,
64.752402,-0.4288015173,
64.799592,-0.4905719202,
64.841716,-0.4419696265,
64.887255,-0.4204218115,
